x,y
-3.1664609121467207,1.91937012654721
-3.965073870964425,1.1732331607721738
-3.366921950779973,1.003308396267126
-4.755280307301215,0.708070959818085
-4.970040309582021,0.7085715830294146
-3.653276979234302,-1.522232762162215
-1.6793496684139062,0.3016693894271336
-3.428508788718969,-0.28014992020403984
-3.824959088837249,0.5699726589159757
-4.223750834639277,0.6115273715090993
-2.2776869241142714,1.0674236135707422
-1.014757754063148,2.6517141543500173
-3.684579691881044,0.5220600471503098
-3.2587380221019555,1.3240007461890857
-2.624998567715658,2.6886026542368113
-2.2040687314851737,0.9463102883250656
-3.929614285539292,-0.11770825889086156
-3.543534557184863,3.59874465096778
-3.0065643282308496,-0.05120278938481504
-1.9806370279125205,1.3199240728335768
-3.0038321141307995,2.068397630088096
-2.7574451439177534,-0.17987222360029587
-2.8111755386086754,2.467118513026298
-1.805081781848264,2.71181460783224
-3.4492903811953655,-0.09823741205920455
-3.1013347865447836,1.2807665142685585
-2.8514055611730353,1.6828292179150415
-4.708378345045698,0.3239866529313661
-2.0660056911661013,-0.5438061269322516
-3.198296853139329,2.301969822958141
-2.6259130774592547,-0.07409343495256826
-2.75939190713615,1.4027973821274837
-4.282259177536499,1.992080475351674
-1.6957191165856333,1.315417198509955
-4.868348965608688,1.747105835195557
-3.136727107069162,1.0769279067137945
-3.2404470597178276,1.0655225932619912
-2.2077459246480675,1.0050162256440518
-1.4440947938329993,-0.907076674159468
-2.9925185883130427,1.3677945728224576
-1.5688459765691913,0.20934470275377004
-3.610306431860667,1.9564613393010695
-1.7674960273069134,1.6012198809414628
-3.3309912747491657,-2.02037055131538
-4.814288222021643,3.4990347322963316
-2.276340486013667,0.8140650731579364
-3.699157017277297,1.865856660932851
-3.1443618048804645,0.4295916886158775
-3.2884560914459615,1.3185844051799194
-1.652129831220804,1.0662286176493387
-2.9982113961809596,-0.11186771193576095
-2.067255522004918,1.602858033474799
-2.302104655495758,0.2352096557899096
-3.7830003393568745,-1.8668532324169886
-5.661961127561012,1.084361718393816
-4.219409334945522,2.703424286422776
-2.229929706590332,0.08478993617922981
-3.2264402298603017,1.8899222777159328
-2.4336446918667223,3.6021940281137454
-2.7575403018255233,-0.13523830385124969
-1.7307504745010964,0.16044623722813
-3.976943671038467,1.6879600562398394
-4.234187426551135,-1.0963013376334279
-2.654332716997482,1.9704126433729734
-2.405587657831558,0.7356705858020545
-2.6679657496238645,1.2950305879215525
-4.302655400074006,-0.0999919121550713
-1.759419509051728,1.4486926726051945
-6.069897762667519,1.1296679813709698
-2.5184174217426882,-2.130867779687051
-0.6171608133470272,1.426160783625269
-3.9281431876702397,-0.2129302935637245
-2.8892697396993112,0.5712604976205057
-2.584401031400327,-1.0937285917439092
-3.760854613811153,3.72418422858132
-2.3877100206066753,2.0697472846638605
-1.9310988960791717,-0.7729841657562369
-2.4882163733017473,1.4750368143845871
-3.456153836404444,0.3050925440193881
-2.2912009745143957,0.6722848841602632
-1.4293858738687495,0.8101792693220989
-2.8216758399364883,-0.3446528047678057
-3.0305497015022254,1.4848277207540264
-3.5762606950757716,0.9938502155086448
-3.565392956453788,-0.4017306754211718
-3.267629890579929,-0.10051905214885737
-3.2358758170470403,-0.8522604572941024
-3.128008054008613,-0.838263792731555
-2.25095518471958,-0.6243866136488412
-2.821168534149045,1.268393750253184
-2.6529843035071665,0.613834091823646
-3.339592427008232,0.33970760011097545
-3.1144281674812335,-0.10086253777468157
-3.6560624696417703,1.7510975201123329
-3.2509320454686623,2.826719832833112
-4.095287443449579,-0.1235980200276956
-3.816889530853883,-0.4958339704623784
-4.380219844758658,0.6429726540620445
-1.293006279596673,1.7215188487796311
-6.233507723171541,0.5522312870797336
-4.32827216023418,-0.7985586427714941
-3.5749832247383475,-0.47879925778503396
-3.1376323135432784,2.2944976691454353
-3.7496996266468656,0.7382137721455821
-1.7440231755095588,0.3968791544817306
-2.8325208474010353,-0.30237484741582876
-2.1684455199626615,1.0253465493271212
-3.4761539872996625,1.0802942815451613
-4.527348658361735,0.6929528521779533
-1.891765268728038,0.03307581374890378
-1.6605567797384309,2.4595191551099447
-3.6550305306270987,0.3343680896868628
-2.676908534087557,-0.197693250244251
-4.1991545648010895,1.6604795145656537
-2.8027059806375996,1.3262103667341185
-1.6702719033254827,1.0930697873897168
-2.9180120430245715,1.7819581533670585
-0.8768507648816097,1.265591561166554
-3.709426548498084,0.7798895242029297
-3.455436367295947,-1.689947542640645
-4.019726184067605,-0.38222953934031145
-3.1957285802982227,1.419036648096127
-2.922915912105945,-0.1343892778691056
-3.595787876449638,0.4535008310355297
-2.854504343837153,0.5898342574481898
-3.6271190860717244,0.2747135082065506
-2.8185963182377414,1.4363442466447116
-3.192554110559173,-0.17151321620879467
-1.7097238002035735,0.13933996040831653
-3.0934159023132564,1.1269861462779907
-2.2072687754148346,1.7652303769835243
-3.148525731387272,0.6415065099441677
-2.0775006596070034,-0.7765051625182415
-3.826206802320717,1.738822991480208
-3.568929557298956,0.9995846130908324
-2.3263894787598307,-0.5102565935641397
-2.5918337183600553,1.1065105739165149
-3.446513924574854,1.9972200927877768
-2.2557694446188505,1.3880754233614634
-2.3552525989861923,0.09832473766892091
-2.9935183476982057,-0.05336563719899423
-3.2624510976132344,1.296409884714847
-3.2599492209665195,2.028858128724798
-2.792201620194429,2.1506840006980315
-2.322805648300141,-0.37216828512086697
-2.9419582172899514,0.3309541159163355
-2.7291997951481464,0.4586971182163093
-4.146676515836251,1.5076395477768352
-2.8779710328920403,1.8844367367075983
-0.12411032466501037,1.4377919607830933
-1.6744306243203368,1.517762593132121
-3.3254603862486594,0.7854154044520012
-3.9920748765309475,-1.1686022291427562
-2.991265417263333,0.7163099174877
-1.7918303044775414,2.7408347436556904
-1.1653661020749166,1.3680603520517352
-4.556835772332109,0.47792860591066527
-4.897396814274778,0.43301328246057447
-2.3119462659343273,0.035506116372771346
-4.358397806659259,0.9068944062204431
-3.1724930619286793,0.30042472670374354
-3.1565997551692204,1.6415990109795362
-2.864654309989909,0.3714486794476314
-4.601541036166127,0.2295477239427176
-2.970067530865454,1.5697924660018536
-1.8281852607956874,-0.24261219698649805
-2.296165652267444,1.6402072018624099
-1.9341680396050396,1.1296473500514748
-2.0306350233166484,2.4273604798049897
-2.1465106020282425,0.08068437109477655
-2.8099165337810836,-0.7570288531122005
-3.999308650856179,0.268606780588185
-2.7267956214173483,-1.2266067212450094
-1.3358280698113711,0.9552102435655526
-0.6365747184030348,1.8808973103839917
-1.8057593097186726,2.311178748581999
-2.0251068954849867,-0.523462103463944
-3.3741376761748363,2.41662254968434
-3.118439019394428,2.0318681115441946
-4.847855442689379,1.7429299162800387
-2.6234186077381807,0.5316861481520301
-1.2141606806934508,0.07321230368630627
-3.2333557338847414,1.4293794161514657
-4.591356255490135,1.054175702676146
-3.0104930429154724,0.7521142988809629
-2.37880886890614,1.7278225184755422
-2.13539632831369,-0.0565183422628347
-2.626105700680124,0.8111002409124336
-3.27593818095282,1.1703824346196363
-2.7087137309910547,2.405552589520126
-2.8434262306379416,-0.6820993236215096
-1.2088828835736813,2.7504148277324645
-3.340432681515084,1.4878527602309517
-1.2461332330782928,-0.4667681690708021
-0.8088915773803116,1.919645131026536
-0.42141556946616765,0.9647661534314893
-3.7558148362612447,0.7799119443079092
-2.614628522333164,0.9269354996797501
-4.52151039872887,1.247714905072709
-2.7028335003464203,0.8743316841661284
-1.2946943333233054,1.6348449700132095
-2.5768915695867545,0.23288173490605268
-3.3664245561698114,1.578681256410353
-1.2844504441407723,0.10615511378719433
-1.6270558358897242,0.0044037746894646235
-2.5425731256894957,1.5837983764119619
-2.5296541274656716,1.5385754585867262
-3.3970467829539985,-0.20347672951683982
-1.4149904966720195,-1.1050679165181623
-1.970783067704307,0.8247784948946474
-3.445946062551018,0.2708005090665029
-3.5171991083852543,0.8117218941280259
-5.163635726357921,1.7144941271668164
-1.7512767520670265,-0.1394737873973415
-5.501441217584013,2.5802197673015135
-2.6861251933473067,3.061251851452698
-2.71403604713422,2.248193684183532
-3.024188000252956,0.2953268689224744
-2.4502145398210637,1.1628925617682297
-1.6945644405195692,1.1760552383794374
-2.6445096814758613,-0.16718092743295898
-3.3268583940686467,-1.1764524579947544
-4.179604253756738,0.18334066718603537
-2.707700478228384,-0.015138694061864633
-1.1260339189111426,2.237060009215757
-2.829778030890698,-1.3775209579378926
-3.5964887869101547,-1.090079228909449
-4.451392311212114,1.1076016209261514
-1.9731677353929773,1.2875915726166889
-2.612679917037595,2.106316609310782
-2.3864429510901726,-0.5175638249145558
-1.942217657146022,0.6344504801269188
-2.6582019327527364,1.749790991015929
-2.079093648785178,0.6343745485362845
-2.068206204719828,1.8353050297001183
-2.5745852508692986,2.648765302623099
-3.6678772604132823,0.6645981649649382
-2.4099795395385333,-0.40497415108673707
-2.302305713177811,-0.06761176170969951
-3.349797693128663,-0.3134254982765241
-1.9157543084984388,0.41301733822573705
-4.380407374211903,1.834752298191757
-5.5616247470158555,0.5872568440488076
-2.9688470068520845,1.2593011059764112
-2.886841160173989,2.984004469846688
-1.8254191142429776,0.08134528267538221
-3.819071783319337,0.7351061322996488
-3.5969438926451662,-0.3059088212968526
-3.236309564208448,0.9728441961324739
-2.3605605968724546,0.9450975901209637
-2.274777497089917,2.4009716595330977
-2.0922419162886543,1.6706492720486716
-3.510526516069789,2.7694666337817395
-1.4679234008529838,2.859476087907919
-4.007129197701078,1.9221737741845282
-2.1149628901265958,1.230302444088518
-2.110208986681667,0.2533170145588999
-4.46665366815427,1.1135113304656303
-3.502090394405562,1.3664130212056909
-2.4759366692095623,-1.0951490839833067
-1.5950825600181815,1.2891624012835912
-4.403492526292753,0.2268087769434668
-3.238320856644206,0.3968922550924149
-5.818690320628033,0.37180455258495393
-4.388212924505889,-0.3066829025133766
-1.7627186030497128,1.7767341004528636
-1.443636356641761,2.6217258989330383
-2.20279174889387,0.9032043877215209
-4.16323788776863,-0.052179635451516604
-2.79186981112356,0.7362535550436475
-3.1424720539650615,1.0897443664273851
-3.4536349469218353,0.8621859124929532
-1.8253168447882848,1.0381790747766706
-1.9867101907257827,0.5331574752118178
-4.00277566899997,2.3582217249340287
-2.640453058579188,0.3036088496084436
-1.5488925746532407,0.1215399962773257
-4.2621346442427726,2.114987421859268
-3.0748201831454063,1.3467548953524497
-4.162882223785398,-0.04589036731099361
-1.4956475030363277,1.5897089651332692
-4.092063410951802,2.7841098075352515
-2.6606895567119158,2.2477024285903537
-4.234237283302223,-0.17187957999136705
-3.6309401211656853,0.5838871683437556
-2.0071595998224603,1.0320684975007082
-2.464910981238932,1.5903828970916498
-4.207849406627961,1.677924086824185
-1.269978922254795,1.105598874454904
-2.342692613351912,0.8201927955259416
-3.4820316690345954,0.49806261668224144
-4.304071873226412,2.4475980798120602
-3.3113023501077716,0.8003018770303081
-1.3958630973963924,0.8860218933321636
-2.684765940020148,1.6196484595399956
-2.624616348852871,4.0031310389255506
-3.9261758238575544,3.611568255148401
-1.9265573809467849,1.1614640183106923
-2.5129883719009323,0.5771757430795637
-3.161569538955146,2.6015534210557387
-1.166612869803384,2.4908842414982653
-3.1246353120123094,2.5744206722236043
-3.0972318895855,1.3770250282792555
-2.8082944422962974,2.155798244078733
-2.986248127732752,0.5458169347939803
-2.6675761700564973,-0.9126349629837494
-3.8152817665171668,0.6695972709873828
-1.334675380251019,1.4427499095272798
-3.55699363073338,0.8167694302449848
-1.276589336925328,0.515614416553428
-2.6110965974116045,1.293623131914015
-3.4251564919703017,-0.0680923168875468
-2.7542502965777476,-0.06941849514910681
-4.751746628880927,0.6161151398954106
-3.197065571334293,1.825180474713345
-2.664543598387046,-0.48963307432567915
-3.666696945327302,0.9541316963505861
-1.8820771761012223,1.4080298719901012
-4.739151996598148,1.1582386898695736
-5.099593459223151,0.9255473762436518
-3.9052102007282903,-0.45854195194198755
-3.379997323343455,0.6446142976659304
-4.104807087039483,-1.5601784882417205
-3.8328177761703985,0.7816472398589136
-2.197044792341404,0.7956336584922832
-5.349524155117434,0.0853265677538323
-0.8186484326291916,-0.003599512336503463
-2.1953321908023056,0.2316295673452774
-1.8197599306366832,0.91086697634578
-3.676513751802611,0.7361361092543386
-2.7513346228310396,-0.513965864412459
-3.832155006243407,0.759560026678844
-3.186585224430966,1.0603528147608974
-1.7085456493293238,1.361709960118713
-3.6302237911835418,0.8474041096389587
-3.834030571843833,1.4519005035405717
-1.266343781871147,1.200926643933837
-3.1054639480295987,0.37388946118649813
-3.4243379931243476,0.2412896693927915
-1.5737221372457575,2.4898628965815774
-2.9679436392481846,0.4450061271896174
-2.3860136022447866,1.7193619093286654
-3.784139174226867,0.7375938267474917
-4.110854977586204,1.9376115988955458
-4.013652408229413,1.1449288499658778
-2.9804114856806576,0.1604052115020813
-5.561137866147774,1.286889907132743
-2.8012587361712313,1.19903614505343
-1.7576077533644843,-0.31950053513824983
-0.9266329559349371,-0.8827168601745061
-5.05044436655237,0.5793263012175238
-4.481288051523384,-0.11735297778138865
-3.4399230836742913,1.922593136960659
-2.272410214183171,1.6185897222387087
-2.644009405658945,2.0424334306863487
-3.301277655814593,1.6399354993269732
-3.4073393172530677,1.6204216399036317
-1.4940866620991735,0.038746863116253194
-3.49146306293895,0.22190922944459823
-1.8184942768557553,-0.24145515804325424
-2.403082261266004,0.1676504194293421
-2.8166942619672763,0.8202030103200417
-1.9562905754181963,0.7378407260353939
-0.9175677323759581,0.7901530102286783
-2.047043093773725,1.9000929538034246
-3.0113331185748327,1.543646085728006
-4.404091793602451,1.1544154788455345
-3.285572566254051,0.236207301479471
-3.8576166675896184,1.9177075771056493
-3.5806527096227927,2.456987673783267
-2.2213346029507814,-1.421781696387805
-4.249843781804184,-1.7726430332805
-3.938400560647798,0.43077612873864546
-3.609550064146841,1.182785096349579
-4.2447861344378826,0.5480253052564822
-3.7758474839889358,2.5815151392713624
-2.143336687220789,0.39497695084332707
-5.010940704525605,-0.559561805869353
-3.0045734192357414,2.2363641986988334
-3.5466286269687073,-0.32765654400716815
3.2385724213293514,1.9968400144219092
2.3681405575198418,1.5095496194832232
4.093399418660439,2.6650180863410196
5.009805428970169,2.0205468780423845
3.6659336558037903,0.424814660405314
2.4682011082107014,1.6574361124545691
4.494469472147984,1.2264620458820967
4.696724539233888,-0.8968031436983783
3.6281676273665644,2.4296399948095906
3.3104253626871563,0.3152568434429681
4.244162809774876,1.3923499298755337
4.8057932304483035,-0.08832870859916486
3.204383075631444,2.095762919123347
3.176711825374176,2.9091099251899326
3.595541807893932,0.8285285588532204
4.399235171333524,1.5357106249205577
5.022546626447554,-0.16882719823347703
3.1984593911000663,2.364301867218381
3.8814078369516807,0.8807530010841359
3.6216673196296187,2.478831074426766
4.680264827318542,1.5961256998563091
2.7523420123136666,0.19363601344513737
3.8403087063653993,1.0605234223909277
3.0340873335909864,-0.944530039583432
4.003274597719411,2.7529431130375013
4.237627587802079,2.314758050095218
3.8873793015609284,1.6636436097765441
2.8880818182907566,1.7864910269544976
3.7136759715762033,2.42154805478476
3.3072466958466453,2.2879868886876906
1.8333316796844343,0.7995251995176067
3.1342255356863804,3.021912065324498
3.352020249580924,2.253852094693783
2.5443982856589678,1.5346461481284281
2.1598246164939408,1.361819716049513
3.5572644365095276,1.268654244582112
2.244593046948422,3.1762757976458387
2.4331624767290942,1.5808946940595645
3.5409694806060488,1.7759077430176897
5.230090187257599,1.8735585425468
1.8829030571605223,1.9195929748700755
5.048260869114468,1.0478998475609878
3.69241826378444,1.2360685196914383
4.519826335338214,-0.2076832943922453
2.8748210830823417,0.5626470024399189
1.4691074074254606,2.1958682129371256
3.2188472890149895,0.3747335113294221
4.701659980771401,1.3479790479480462
2.885726203547952,0.706425799626719
4.444969283514585,-0.016503475514916266
2.6026580571830515,0.8092558213236662
3.167438302534952,2.2654496726826787
2.432400093701851,3.623170529561711
4.156199585811478,1.3779507176048982
3.1537012570253515,2.642367260046325
2.6404735215378525,1.04665361927642
2.9538446624229744,1.0052465393934495
4.044262657062996,1.6646054507605748
3.7095624625809305,1.2762147912506725
3.482846192797622,2.8106794137366045
3.3250381161892495,2.4588704440380322
2.7954112718580637,1.5922430911287937
4.424109432142209,2.13415032762636
4.066419986118749,1.198411962699574
2.7804231771788954,1.598058422529942
2.1881911341075777,-0.7141402894520819
4.068328494329944,1.6002255576815791
4.499025556219369,2.288812185056787
4.4159417317105625,1.5405288041865726
4.443500929107663,2.528981984694285
5.362911797293565,0.9480463207996503
3.3284462065053035,1.7421710450539631
3.8996594517758947,2.588659382951647
4.043091504494295,1.619857409398683
2.9556314554089083,1.9419539728468211
3.7982794791608754,1.0309570928504397
4.631874095148962,2.2165641981536814
4.825916278374804,1.7827586053511508
3.1668857592320965,2.369405650632177
3.0692884557838394,0.36943145664586585
2.5354375601192203,1.4144774381897405
3.745139430053498,2.096678525783937
3.703551083520255,1.2054827693260344
3.226273188015652,0.9503717944658668
3.4406089305653853,2.202981547651407
5.300902469142679,2.136818560639376
4.541594179273166,2.426424123273351
5.313478093128454,0.6579615474848757
4.1750897639421645,1.7885523187171999
2.7204508386623543,2.7223275230164568
3.898081878795052,0.8438607852273324
2.319509950178693,1.584858181021623
4.1869261013331975,0.7679845962933608
4.645172347361903,1.7637769329337347
2.1943249621252443,-0.0027690583855788375
3.313287773393787,2.2507422115721285
4.138375100409981,2.0391485827245237
4.2454064056206615,1.6489816287331975
2.582749674386598,2.704435531461587
2.737835639311803,1.1759042807619406
4.268461735085489,-1.3183572563283001
3.749261844241788,2.235752796872172
2.5398356159373314,2.920164864326607
4.4790812222604375,2.3136737564447545
4.114436919057416,2.101777407345167
3.8626131613678067,2.1604897011373234
4.274038060242955,3.990999920861193
4.577733167329447,1.0641974168602126
4.61474723652263,2.6242527610048505
2.283052926705475,0.5404763449186536
3.5241581175531054,3.540219909196747
3.8715019633210472,1.9840176713729338
4.587992164060334,0.7338141036302325
3.7003155553843023,2.179969978408885
2.414856231722216,2.4187967916989352
3.1234961407544395,1.6162162711641515
3.9640807134785927,0.6202415910699092
2.9017102039234657,-0.6546452692467373
2.26801471049987,0.8567313170895212
2.705765481486714,1.086074413560839
4.37633174991553,2.629747309990923
1.9269341758475553,3.4437571280835213
3.9622128572577378,2.3814411046051474
5.244980037911882,4.318540026477508
2.1456553443681705,1.4773979429444732
5.584387518413967,-0.19070752760248721
3.528043217064059,2.215370650754356
5.199355219734634,2.726563420687398
3.0286897603525995,0.2635582049623433
3.419056055107847,0.9835405534993349
4.202102282421342,3.3785388539358676
3.9332104470112013,0.22454975602394622
3.252140335227569,0.4344485213424345
4.445149669887311,0.9329985095180712
2.0508795463739773,2.269200418684016
2.891775789922799,2.207302766207954
2.3888808005370423,1.767881349507603
2.7978228163849894,0.7373175260289554
4.792224073554255,-0.1167413651314988
3.097741046258116,2.488602590100136
3.5902026442834885,1.0105321290980753
3.3504225750268777,1.0422189774310584
1.9625634248087034,1.1958516888517252
3.3562187908376337,1.6010775294024584
4.9747585401561665,3.022956756624833
5.47111707345041,1.81829106062172
6.031510717931471,1.3606426301813555
2.5196831907172945,2.9594625730122353
5.047613788419779,1.938953772920958
3.4300068225675764,0.13898356953507096
4.987840654124077,0.278151432313839
2.763254235564679,2.3157627013127664
4.483215937254496,-0.3082544457554295
3.983311687771318,0.1358168080214679
1.992839836719528,-0.4428264074348456
4.0711460736791025,-0.9373599702135755
3.468080378319536,1.690650313693456
5.07755207617383,0.03188387936483683
2.8432488943734713,1.6082723527908553
2.817263055327588,0.5515553870227323
5.346295235744404,1.0443093081169954
3.624402161898476,1.2980690889957993
4.176594452308131,0.9583194110895679
2.1050387533209847,1.7505193430133634
3.5441051593574873,2.139224480672479
3.583698075587064,2.6994429174407006
3.0813282221368463,0.06715718888611599
2.7514826145306905,3.2632706711681694
4.476081216680599,1.4151795957488194
3.7282308952367833,1.0409887049344615
5.224396779346134,1.9872929854968178
2.2317669277198773,2.6995486396993993
3.4073877719581054,1.0602311982525594
2.5970419600083634,1.074640348501252
4.623595154070804,2.3308184771439775
4.880144073813398,1.3849354414467265
3.5407477891593695,0.396937751320511
5.137944141277155,0.8628483540774452
2.6585358365579346,2.6421327590134673
4.307785517314638,2.0250369431588697
3.5960977428572436,0.38477646749923666
2.9418638974107223,0.49511828583375816
4.329870398326109,1.6997788844225332
4.582324939069702,2.052478638636398
5.275382727326482,2.909744777858523
4.134398256898631,2.6460698652550736
5.119950022023607,0.9712447076758716
3.5651451453878544,0.933964791464103
4.262048702467811,3.0289310965417418
2.9611263174867495,0.23219046837060153
4.4868659084428,2.0696581616702945
4.540922735126118,1.9189242209592758
2.906462794553816,0.1266335066689328
3.401374142982569,2.333146745551383
4.019529869932052,2.508484307653158
3.5663319607999933,-0.5742386871240202
4.242268723711104,4.098616123846542
4.573920631139529,2.088740065295498
4.351510930685477,2.1241798096966282
2.113261234782402,3.526497769566378
4.058838548372852,2.3763224221621844
4.239728904489806,2.4016371358618027
3.6091273694436614,1.4020861534301428
4.191806489297083,1.3611728519148163
4.834355482104939,0.10785720704255009
2.1783683514110734,1.9366232784335806
2.0294796770710546,0.5312016851937129
2.1008070026006713,1.7301081973983192
2.9713697187050303,1.095951657793838
4.971149781601225,2.294615872188836
2.821436165537884,1.8134530953352213
5.131430032781305,2.774558376302049
2.6876118623868255,1.2202035853651152
3.701083086033198,0.37475171907024896
3.94102972478776,-0.050233995081416793
3.3918661628815503,1.1855760222025382
3.9605869839216394,3.02797462795009
5.313211709318534,2.7737395686724526
5.144570411547255,0.4930457317892324
3.0920420890412057,0.2551317942326947
4.047834879815837,1.42957516096617
2.708586565626589,2.5688872764520183
5.179030759838035,2.727669644830557
3.481513865268756,2.6546345475058675
2.5320860878098,0.7772062610462488
3.390241243330761,2.2278802286643837
3.060521165947428,1.0148371753267156
2.972964752491273,0.6678957249303422
4.957652523376107,1.377379687280687
4.704550167624162,1.4385530916821943
3.2585040033739303,-0.06431585125326889
4.265506566154222,0.37764929528848445
4.93682704528489,2.5438068499215802
4.333769730877567,0.9825857232475886
3.807020160490091,0.37892153880390245
4.6589542780090305,1.4399828052930281
4.081228054784036,0.836662726827706
3.109707572456972,0.9173255658628902
4.046325567366833,1.060186945799524
5.59870919887315,1.0814095147680336
2.302872150006162,2.023599550205929
3.818517702073007,2.3862708342465315
4.376860392163732,2.165890213751871
3.338526962875686,1.5583551901489132
2.1563580016928583,2.06832435732592
2.548163648306673,0.6936407386024733
3.795063003453623,2.311499269693103
1.8747742590579244,1.4029572626018951
3.973980956369393,0.7774782132884606
1.5070764268164423,0.5277866238528293
3.4404725290293885,0.9341258099176972
3.3184966093950554,0.14802018835392405
2.8491588065096285,1.7678341935976354
2.9460919903203586,1.578158641817768
2.078527964290033,1.1661898910519461
3.408514491221069,0.8627236194256098
4.434229457309346,-0.4646632910315964
4.369483554253905,0.6917194295411838
2.2124662624336198,4.172506397280507
3.919051779680171,1.086627446731681
4.359419291112072,2.715216818355881
2.933644502150405,1.4086604599709762
4.039084056715683,1.611397704349098
4.344094936501576,1.7519374505455059
3.9641681916720306,1.7107426640623062
2.559652415943069,2.5748381065935453
3.444163094374814,1.651410392986489
3.264393129973864,0.10963188291524317
5.24471086764154,1.3105787287332886
5.009901204893051,3.3935610677105386
3.450955156343749,1.0503593499240969
3.475107071996013,3.1601201716143947
3.2523232702864675,1.0117991721720903
3.9126054877285803,0.8917977940073781
3.237459395190826,-0.16954921204790185
2.44080950183822,3.6847480712606564
4.284700660167358,2.2872027430546815
2.476636827111004,2.860208235177655
4.59261895460536,-0.4000666032464648
2.625458455820037,3.270084969848741
4.010902084037741,-0.07464880294073373
3.817942165337829,1.173983295448446
3.33350115763824,3.4844819366057633
5.393173352837705,1.5132074090307965
4.536722229699425,0.36046660758681726
6.016427097024909,0.6354078799128836
2.224754779197621,1.4298149369165953
0.9493809377538205,-0.6761892529276348
6.309590245904442,1.3107412146866164
2.4704692103827046,1.2928645187411483
2.6843520155869784,1.218182943500644
1.680612555349424,0.657452154599841
2.20324485941845,0.7624282006899018
4.483016422746089,0.6930824905384537
3.8391055004979795,1.021759813838187
3.7487092622648053,2.4054714907483072
5.545810652659327,1.5985983780572155
5.357240059863544,1.1463861999226301
2.3564805288714554,2.441384234295586
3.1802021069018336,3.9498864912798193
3.440466056233296,3.2317069838602146
4.416526282399106,1.314489887712452
1.8243060402732831,2.1872798025417657
2.9660313227224084,1.0669307430287742
3.4818049305768994,0.6943837152398826
2.840420787164828,1.6461601859358033
4.432374504026623,1.948551191978807
2.4298054058795397,2.2071650315425333
3.0080311514741007,1.139509085502464
3.1141550651865613,2.321807519563803
4.14945363465768,1.2739623828368676
4.2750980940479115,0.6065115830276687
3.614815523345901,1.3104936423794034
2.183264405630286,1.0030815291480133
3.24830555952024,1.241142818069934
2.136836462376332,2.095914094729889
3.374647724083126,2.011630358432314
1.7136831287658443,0.6052111819065962
2.834521063829207,1.4390512123128374
4.111823201767846,0.7679950266891019
2.776514295874933,3.33067802735969
4.249971223812041,1.7298142058781614
5.510482598851341,0.6456370614718319
3.6027625001923083,2.0435024779040907
2.9911813421645332,0.7357442075397781
3.411288861646812,2.7571903667992177
3.5454014984197197,2.522874515572277
5.737317912605937,1.0598336802631187
2.3544399441897585,1.2734212114020087
4.2352830193786035,2.9884896466494846
2.537375230935102,2.53625479365654
3.8345594528526386,3.2961295172760776
4.34449173227217,1.598148065665859
3.9952791711708526,1.093734602292167
3.1018728249468923,1.1274071122885978
4.294969451330777,-0.07144235037011937
5.462407183053203,0.8670925465392666
4.8447124859039175,0.6962114057729168
3.0736800249743528,1.3410952180155165
4.109401603837115,1.8824279421955195
4.697906328619478,2.161929351682399
1.9409286088168756,0.45378998673452253
4.188797129875807,1.8566475683240138
3.9930372123726916,1.466157284875054
3.324857245653994,2.6597575271410983
3.0480526328861925,0.03536754464512182
4.609574565375761,3.051287719300386
4.895002833876295,1.4160411683456586
3.738255531574894,3.5345593695861464
4.623503893720699,3.1024099386058657
4.315629044052099,0.8459589200888801
3.5893914352594045,2.5912277352332493
4.849848854260073,3.465834040325312
4.722069278429402,1.0459636407988753
3.5689788753622813,1.9612651364037297
3.3902602531334947,1.112848926443062
4.586966862487003,0.8617462998013478
4.760819890020344,1.3625967487329336
4.242500815790215,2.0468850809612875
4.552613712733944,-1.0410511750048843
4.005102120520565,-0.10806784349090037
3.7964934373810473,1.8496097784605114
3.4286137904142526,0.5091029940198261
3.7684902830448084,2.146697029098587
3.4408365200871938,0.7304446845393389
4.539781876456121,1.1419820291617557
3.626537619352528,2.140039883271316
3.2540058827045426,1.7304111471088246
2.7505499059098053,1.1895483258954553
2.662960873617564,1.8707954945140122
4.139011482974823,2.765005134301762
3.9799063582427174,-0.363177260550978
3.2512857602462217,0.4067003707188088
3.5047950750049166,-0.05768152799265702
6.447785430604165,0.32138141859640346
3.0220216996895886,0.4468024855342967
4.342418490603836,-0.6128390289574108
4.958795387004197,1.3275819899203505
2.125751553505619,1.4223149273765772
3.5562703916038925,0.5861754590004572
-6.173055210509132,10.671949082669148
-15.54389801243169,-7.398252156607409
2.8626811863161388,-12.913849295544336
0.29938968800707766,9.39732192976981
-21.926348804046306,9.682294215292774
-16.280990672955664,-6.9962625007420725
1.3025099085675782,-18.360208211207038
8.604084902757645,16.256096647239623
-11.113010612239638,-6.5281892221679705
6.393420635782406,10.722330059643266
-5.820135083300561,-1.063940279612448
-1.6445409262182102,-2.100722547991389
-3.9476466882653547,5.37835755482666
-6.858660991570455,-2.2616136150962554
-2.858854289339517,-1.5952352984451101
-18.156458771900258,0.5426809882971435
-16.53146055456135,-5.190784727653659
-2.55375414210183,11.787873431029992
-1.3054680815637252,-20.682252957167798
-15.19501010712563,-10.197244924178316
4.793688500773073,-7.566868611953916
-15.3387365096499,11.907561345384716
2.7195954382733674,7.1077975451375535
6.067432347214,-5.667690254048544
11.57017778618452,11.913877742491113
4.044889060019078,7.776361658868568
-2.351581608687301,-7.326437295326198
-6.032628008822689,-3.1648784721132905
0.5674470852379874,0.8964946653717222
-1.8782629079545243,22.485397769199682
9.885327349602253,-2.088504787369208
9.345566771284185,0.8886594360265367
9.314310536871965,7.716155647327061
-4.080616588892732,-15.882456515727608
0.039364369650459974,-2.1955146062497732
8.098152767760913,5.353137425467265
-4.621584179786465,-4.401683201623523
-1.7447147626184485,2.7300498434421687
27.761773330633197,-0.5610371084834966
10.010573424039283,6.6688037669742
